brightness,avg_detections,std_detections
0.5,30.64,26.260053312969493
0.75,30.74,25.7688261277071
1.0,30.42,25.722433788426788
1.25,29.48,25.220816798827112
1.5,28.8,24.963172875257662
