brightness,avg_detections,std_detections
0.5,25.9,23.182105167564053
0.75,26.0,23.186202793903103
1.0,25.58,23.10851791006944
1.25,25.2,22.42944493294473
1.5,24.58,21.60100923568156
